{
  "Dummy": {
    "accuracy": 0.7375,
    "f1": 0.0,
    "f1_macro": 0.4244604316546763,
    "f1_weighted": 0.6260791366906475,
    "roc_auc": 0.5
  },
  "LogisticRegression": {
    "accuracy": 0.8119444444444445,
    "f1": 0.5606748864373783,
    "f1_macro": 0.7205212212713485,
    "f1_weighted": 0.7964482303174845,
    "roc_auc": 0.7976914875596609
  },
  "DecisionTree": {
    "accuracy": 0.8383333333333334,
    "f1": 0.6576470588235294,
    "f1_macro": 0.7759144385026737,
    "f1_weighted": 0.8320914438502673,
    "roc_auc": 0.8371031995137457
  },
  "RandomForest": {
    "accuracy": 0.89,
    "f1": 0.7509433962264151,
    "f1_macro": 0.8401775804661488,
    "f1_weighted": 0.8825638179800221,
    "roc_auc": 0.9286937892964258
  },
  "Boosting": {
    "accuracy": 0.8830555555555556,
    "f1": 0.7489564698867024,
    "f1_macro": 0.8363648907463568,
    "f1_weighted": 0.8778838906546925,
    "roc_auc": 0.9099237736525873
  }
}